stat,far,thr_med,recall,lo,hi
mx31,1,5.098926067352295,25.23860021208908,22.362584669036284,27.98846401376003
mx31,3,4.417048931121826,40.50901378579003,37.11002228444089,43.7704725971636
mx31,10,3.5873303413391113,69.98939554612937,66.66486486486485,73.48099384891837
bank,1,8.208791732788086,16.96712619300106,14.66777117329986,19.729149215057358
bank,3,6.899835109710693,33.61611876988335,30.58404812564337,36.992397846056384
bank,10,5.013243198394775,73.06468716861082,69.8954900187567,76.14483253786236
lrt,1,124.59627215479712,6.998939554612937,5.205826468808874,8.93692207559027
lrt,3,101.05109979152935,12.61930010604454,10.24900703855471,15.253533162426871
lrt,10,61.029817214817186,40.084835630965,36.652542372881356,43.52988614800759
