source_id,internal_template_name,official_label
1,K-40,K-40
2,K-40,K-40
3,Co-57,Co-57
4,Co-57,Co-57
5,Co-60,Co-60
7,Cs-137,Cs-137
8,Cs-137,Cs-137
9,Ba-133,Ba-133
11,Ir-192,Ir-192
12,Ir-192,Ir-192
13,Ra-226,Ra-226
14,Ra-226,Ra-226
15,Th-232,Th-232
16,Th-232,Th-232
17,Am-241,Am-241
18,Am-241,Am-241
19,F-18,F-18
20,Tc-99m,Tc-99m
21,I-131,I-131
22,Tl-201,Tl-201
23,NatU-2.5kg,NatU
24,NatU-10kg,NatU
25,NatU-25kg,NatU
26,NatU-2.5kg,NatU
27,NatU-10kg,NatU
28,NatU-25kg,NatU
29,RefinedU-2.5kg,RefinedU
30,RefinedU-10kg,RefinedU
31,RefinedU-25kg,RefinedU
34,RefinedU-25kg,RefinedU
35,LEU-2.5kg,LEU
36,LEU-10kg,LEU
37,LEU-25kg,LEU
38,LEU-2.5kg,LEU
39,LEU-10kg,LEU
40,LEU-25kg,LEU
41,HEU-2.5kg,HEU
42,HEU-10kg,HEU
43,HEU-25kg,HEU
44,HEU-2.5kg,HEU
46,HEU-25kg,HEU
47,FGPu-0.5kg,FGPu
48,FGPu-2kg,FGPu
49,FGPu-8kg,FGPu
50,FGPu-0.5kg,FGPu
51,FGPu-2kg,FGPu
52,FGPu-8kg,FGPu
53,WGPu-0.5kg,WGPu
54,WGPu-2kg,WGPu
55,WGPu-8kg,WGPu
56,WGPu-0.5kg,WGPu
57,WGPu-2kg,WGPu
58,WGPu-8kg,WGPu
61,Sr-90,Sr-90
65,DU-1kg,DU
66,DU-5kg,DU
67,DU-25kg,DU
68,DU-1kg,DU
69,DU-5kg,DU
70,DU-25kg,DU
72,Xe-133,Xe-133
