"#",run_id,time,time_start,time_stop,label_1,metric_1,label_2,metric_2,label_3,metric_3
1,0,1865000,1863000,1867000,Tl-201,6.730193,,0,,0
2,0,3515000,3513000,3517000,Am-241,6.131962,,0,,0
3,1,2419000,2417000,2421000,FGPu,8.242484,,0,,0
4,1,3441000,3439000,3443000,FGPu,5.942872,,0,,0
5,2,1197000,1195000,1199000,HEU,6.577251,,0,,0
6,2,3137000,3135000,3139000,Xe-133,5.805948,,0,,0
7,3,383000,381000,385000,WGPu,7.778763,,0,,0
8,3,455000,453000,457000,Tl-201,6.745657,,0,,0
9,3,1155000,1153000,1157000,FGPu,7.628241,,0,,0
10,3,1357000,1355000,1359000,Tl-201,6.759023,,0,,0
11,4,1153000,1151000,1155000,HEU,7.494360,,0,,0
12,6,1589000,1587000,1591000,HEU,9.318100,,0,,0
13,6,2531000,2529000,2533000,Am-241,9.668484,,0,,0
14,7,233000,231000,235000,HEU,7.257410,,0,,0
15,9,3351000,3349000,3353000,HEU,6.281194,,0,,0
16,10,2047000,2045000,2049000,FGPu,11.181185,,0,,0
17,12,199000,197000,201000,Co-57,5.967559,,0,,0
18,12,675000,673000,677000,WGPu,8.036222,,0,,0
19,13,479000,477000,481000,FGPu,5.920623,,0,,0
20,13,3501000,3499000,3503000,HEU,6.742407,,0,,0
21,14,1213000,1211000,1215000,FGPu,6.247880,,0,,0
22,14,1361000,1359000,1363000,Am-241,5.840798,,0,,0
23,15,1801000,1799000,1803000,HEU,6.810130,,0,,0
24,15,2029000,2027000,2031000,FGPu,7.170135,,0,,0
25,17,2673000,2671000,2675000,WGPu,8.958763,,0,,0
26,18,2669000,2667000,2671000,HEU,6.264197,,0,,0
27,19,1253000,1251000,1255000,Tl-201,9.357181,,0,,0
28,19,1717000,1715000,1719000,Xe-133,5.829454,,0,,0
29,19,3573000,3571000,3575000,FGPu,8.480065,,0,,0
30,21,1207000,1205000,1209000,HEU,5.971853,,0,,0
31,22,1937000,1935000,1939000,Co-57,6.659733,,0,,0
32,22,3223000,3221000,3225000,Co-57,6.264631,,0,,0
33,23,1661000,1659000,1663000,HEU,5.835731,,0,,0
34,23,1861000,1859000,1863000,HEU,6.291784,,0,,0
35,23,3027000,3025000,3029000,FGPu,7.576652,,0,,0
36,24,1893000,1891000,1895000,HEU,6.098343,,0,,0
37,25,1883000,1881000,1885000,Co-57,6.131104,,0,,0
38,27,803000,801000,805000,Tl-201,6.806860,,0,,0
39,27,1203000,1201000,1205000,FGPu,6.005711,,0,,0
40,28,2367000,2365000,2369000,FGPu,6.657619,,0,,0
41,28,3327000,3325000,3329000,FGPu,16.652758,,0,,0
42,29,435000,433000,437000,HEU,5.926396,,0,,0
43,29,2215000,2213000,2217000,HEU,6.668653,,0,,0
44,29,3079000,3077000,3081000,Co-57,6.398372,,0,,0
45,30,2987000,2985000,2989000,HEU,5.774915,,0,,0
46,32,223000,221000,225000,FGPu,6.041691,,0,,0
47,32,1081000,1079000,1083000,HEU,6.526045,,0,,0
48,32,1181000,1179000,1183000,HEU,6.595791,,0,,0
49,32,1993000,1991000,1995000,FGPu,7.308186,,0,,0
50,32,2891000,2889000,2893000,WGPu,7.122906,,0,,0
51,33,95000,93000,97000,Tc-99m,6.006995,,0,,0
52,33,949000,947000,951000,Co-57,12.918745,,0,,0
53,34,2961000,2959000,2963000,Xe-133,6.628539,,0,,0
54,35,451000,449000,453000,HEU,5.812894,,0,,0
55,35,2753000,2751000,2755000,Tl-201,6.450901,,0,,0
56,35,2853000,2851000,2855000,Am-241,6.477151,,0,,0
57,35,3161000,3159000,3163000,FGPu,6.225381,,0,,0
58,37,719000,717000,721000,Am-241,6.670042,,0,,0
59,37,1209000,1207000,1211000,Xe-133,6.444385,,0,,0
60,37,1369000,1367000,1371000,Am-241,10.100233,,0,,0
61,37,3437000,3435000,3439000,Tc-99m,5.822023,,0,,0
62,38,247000,245000,249000,Co-57,5.852959,,0,,0
63,38,1029000,1027000,1031000,Co-57,9.472998,,0,,0
64,40,1403000,1401000,1405000,Co-57,6.672634,,0,,0
65,40,3295000,3293000,3297000,WGPu,6.659204,,0,,0
66,41,1355000,1353000,1357000,WGPu,6.000185,,0,,0
67,41,2935000,2933000,2937000,Am-241,5.886042,,0,,0
68,42,765000,763000,767000,Am-241,9.142875,,0,,0
69,42,1787000,1785000,1789000,HEU,7.350061,,0,,0
70,43,641000,639000,643000,HEU,6.530558,,0,,0
71,43,751000,749000,753000,FGPu,10.927029,,0,,0
72,43,1267000,1265000,1269000,FGPu,8.114374,,0,,0
73,43,2729000,2727000,2731000,FGPu,9.487822,,0,,0
74,44,1587000,1585000,1589000,Co-57,8.515794,,0,,0
75,45,1111000,1109000,1113000,WGPu,9.499546,,0,,0
76,45,1285000,1283000,1287000,FGPu,7.134490,,0,,0
77,45,2625000,2623000,2627000,Xe-133,7.443714,,0,,0
78,46,831000,829000,833000,FGPu,8.889456,,0,,0
79,47,947000,945000,949000,Tl-201,5.830705,,0,,0
80,47,1015000,1013000,1017000,WGPu,5.911025,,0,,0
81,47,2043000,2041000,2045000,Tl-201,6.197627,,0,,0
82,49,311000,309000,313000,WGPu,5.767477,,0,,0
83,49,2081000,2079000,2083000,FGPu,8.306473,,0,,0
84,49,2841000,2839000,2843000,Tl-201,6.147340,,0,,0
85,52,741000,739000,743000,Am-241,7.019745,,0,,0
86,52,877000,875000,879000,FGPu,8.943516,,0,,0
87,55,2757000,2755000,2759000,HEU,5.920200,,0,,0
88,57,2491000,2489000,2493000,FGPu,9.059306,,0,,0
89,58,331000,329000,333000,HEU,6.106941,,0,,0
90,59,1571000,1569000,1573000,Am-241,5.795207,,0,,0
91,59,1693000,1691000,1695000,HEU,6.420784,,0,,0
92,59,2543000,2541000,2545000,HEU,6.006753,,0,,0
93,59,2923000,2921000,2925000,Am-241,10.328256,,0,,0
94,60,863000,861000,865000,FGPu,5.917252,,0,,0
95,60,1769000,1767000,1771000,HEU,6.142580,,0,,0
96,61,945000,943000,947000,HEU,7.478543,,0,,0
97,62,2627000,2625000,2629000,Tl-201,6.400872,,0,,0
98,62,3269000,3267000,3271000,FGPu,10.513824,,0,,0
99,64,1251000,1249000,1253000,Co-57,6.712643,,0,,0
100,64,1595000,1593000,1597000,WGPu,5.836372,,0,,0
101,65,1243000,1241000,1245000,WGPu,5.792550,,0,,0
102,66,627000,625000,629000,Tl-201,7.749364,,0,,0
103,66,1963000,1961000,1965000,Am-241,6.484164,,0,,0
104,67,1303000,1301000,1305000,Am-241,5.878135,,0,,0
105,67,1659000,1657000,1661000,Co-57,6.468974,,0,,0
106,67,2647000,2645000,2649000,HEU,7.297200,,0,,0
107,68,1561000,1559000,1563000,HEU,7.469110,,0,,0
108,68,2871000,2869000,2873000,Tl-201,6.235546,,0,,0
109,69,1501000,1499000,1503000,Xe-133,5.961316,,0,,0
110,69,1873000,1871000,1875000,Am-241,6.312693,,0,,0
111,72,1065000,1063000,1067000,Tc-99m,7.209354,,0,,0
112,72,2951000,2949000,2953000,HEU,8.481829,,0,,0
113,73,1177000,1175000,1179000,HEU,6.273019,,0,,0
114,74,587000,585000,589000,Tl-201,5.811448,,0,,0
115,74,2601000,2599000,2603000,FGPu,8.643703,,0,,0
116,74,2755000,2753000,2757000,FGPu,10.313814,,0,,0
117,77,793000,791000,795000,HEU,5.811982,,0,,0
118,77,1997000,1995000,1999000,HEU,7.284528,,0,,0
119,78,277000,275000,279000,FGPu,7.621343,,0,,0
120,78,1003000,1001000,1005000,FGPu,10.161244,,0,,0
121,80,2439000,2437000,2441000,HEU,7.761339,,0,,0
122,82,3173000,3171000,3175000,WGPu,6.146717,,0,,0
123,84,1779000,1777000,1781000,Xe-133,5.851752,,0,,0
124,85,395000,393000,397000,FGPu,5.802106,,0,,0
125,86,2087000,2085000,2089000,Am-241,6.682621,,0,,0
126,87,357000,355000,359000,HEU,5.994401,,0,,0
127,87,813000,811000,815000,Tl-201,5.794727,,0,,0
128,88,513000,511000,515000,Am-241,7.627314,,0,,0
129,90,2539000,2537000,2541000,Co-57,6.208104,,0,,0
130,92,2751000,2749000,2753000,FGPu,8.891757,,0,,0
131,97,1889000,1887000,1891000,FGPu,7.332820,,0,,0
132,98,3205000,3203000,3207000,Am-241,9.139437,,0,,0
133,99,3249000,3247000,3251000,Co-57,7.484912,,0,,0
134,100,629000,627000,631000,FGPu,10.628705,,0,,0
135,100,3203000,3201000,3205000,HEU,6.456841,,0,,0
136,101,165000,163000,167000,FGPu,5.911217,,0,,0
137,101,1507000,1505000,1509000,Tl-201,5.916475,,0,,0
138,101,1587000,1585000,1589000,Tl-201,5.812728,,0,,0
139,101,2207000,2205000,2209000,Tl-201,6.442709,,0,,0
140,102,1327000,1325000,1329000,FGPu,7.355256,,0,,0
141,102,3407000,3405000,3409000,Co-57,10.394661,,0,,0
142,103,845000,843000,847000,HEU,6.134123,,0,,0
143,103,1565000,1563000,1567000,Co-57,6.043152,,0,,0
144,103,1829000,1827000,1831000,Xe-133,5.763100,,0,,0
145,103,1893000,1891000,1895000,HEU,5.998710,,0,,0
146,105,463000,461000,465000,FGPu,8.453781,,0,,0
147,105,825000,823000,827000,FGPu,6.002905,,0,,0
148,106,797000,795000,799000,FGPu,7.110152,,0,,0
149,106,1151000,1149000,1153000,Tl-201,6.305533,,0,,0
150,106,2253000,2251000,2255000,HEU,5.840997,,0,,0
151,107,281000,279000,283000,Tl-201,6.926038,,0,,0
152,110,3181000,3179000,3183000,FGPu,8.601895,,0,,0
153,111,1147000,1145000,1149000,HEU,7.115278,,0,,0
154,112,1891000,1889000,1893000,WGPu,6.219109,,0,,0
155,112,3563000,3561000,3565000,Am-241,7.783489,,0,,0
156,114,3023000,3021000,3025000,FGPu,11.952681,,0,,0
157,115,645000,643000,647000,WGPu,14.175214,,0,,0
158,115,815000,813000,817000,Tl-201,6.082442,,0,,0
159,115,3113000,3111000,3115000,HEU,5.957533,,0,,0
160,118,933000,931000,935000,FGPu,8.968222,,0,,0
161,120,337000,335000,339000,HEU,6.603811,,0,,0
162,120,3315000,3313000,3317000,FGPu,9.410956,,0,,0
163,121,115000,113000,117000,FGPu,6.504169,,0,,0
164,121,1069000,1067000,1071000,FGPu,5.888206,,0,,0
165,121,1511000,1509000,1513000,Am-241,6.352968,,0,,0
166,121,1575000,1573000,1577000,Am-241,5.831656,,0,,0
167,121,1657000,1655000,1659000,FGPu,8.675246,,0,,0
168,123,2357000,2355000,2359000,FGPu,6.395270,,0,,0
169,123,2611000,2609000,2613000,HEU,5.830222,,0,,0
170,124,595000,593000,597000,FGPu,6.023276,,0,,0
171,125,919000,917000,921000,HEU,6.021033,,0,,0
172,125,3195000,3193000,3197000,Co-57,9.326215,,0,,0
173,126,2333000,2331000,2335000,HEU,5.958985,,0,,0
174,126,2481000,2479000,2483000,HEU,5.826062,,0,,0
175,127,229000,227000,231000,Co-57,14.017074,,0,,0
176,127,1705000,1703000,1707000,FGPu,8.636933,,0,,0
177,127,2153000,2151000,2155000,FGPu,9.780613,,0,,0
178,128,719000,717000,721000,HEU,8.145753,,0,,0
179,129,2377000,2375000,2379000,FGPu,6.500605,,0,,0
180,130,1307000,1305000,1309000,WGPu,6.573281,,0,,0
181,130,1413000,1411000,1415000,FGPu,8.785824,,0,,0
182,130,1643000,1641000,1645000,HEU,11.276712,,0,,0
183,131,781000,779000,783000,WGPu,6.486613,,0,,0
184,131,2353000,2351000,2355000,WGPu,6.683853,,0,,0
185,132,3347000,3345000,3349000,HEU,8.917686,,0,,0
186,134,707000,705000,709000,HEU,7.355720,,0,,0
187,134,1433000,1431000,1435000,Co-57,6.899190,,0,,0
188,137,203000,201000,205000,FGPu,6.000348,,0,,0
189,137,2651000,2649000,2653000,Co-57,6.151327,,0,,0
190,139,1569000,1567000,1571000,Co-57,14.727444,,0,,0
191,139,2129000,2127000,2131000,FGPu,7.734485,,0,,0
192,140,1413000,1411000,1415000,Xe-133,6.241204,,0,,0
193,140,3041000,3039000,3043000,FGPu,6.703359,,0,,0
194,140,3299000,3297000,3301000,HEU,6.340239,,0,,0
195,141,2603000,2601000,2605000,Tl-201,5.810261,,0,,0
196,141,3139000,3137000,3141000,HEU,6.139072,,0,,0
197,141,3269000,3267000,3271000,FGPu,5.839775,,0,,0
198,142,1799000,1797000,1801000,Tl-201,6.341002,,0,,0
199,143,1117000,1115000,1119000,Xe-133,5.783573,,0,,0
200,145,751000,749000,753000,Am-241,9.393328,,0,,0
201,146,2181000,2179000,2183000,FGPu,6.465348,,0,,0
202,147,575000,573000,577000,FGPu,7.604906,,0,,0
203,149,975000,973000,977000,FGPu,6.963842,,0,,0
204,149,2685000,2683000,2687000,Am-241,5.812179,,0,,0
205,151,729000,727000,731000,HEU,6.348796,,0,,0
206,151,1955000,1953000,1957000,HEU,6.211495,,0,,0
207,151,2031000,2029000,2033000,HEU,5.753076,,0,,0
208,151,2163000,2161000,2165000,HEU,6.331385,,0,,0
209,151,2387000,2385000,2389000,FGPu,6.250183,,0,,0
210,151,3359000,3357000,3361000,Am-241,6.167730,,0,,0
211,153,339000,337000,341000,Xe-133,5.774895,,0,,0
212,153,2747000,2745000,2749000,WGPu,6.175978,,0,,0
213,154,687000,685000,689000,FGPu,6.161261,,0,,0
214,155,593000,591000,595000,Tl-201,5.809875,,0,,0
215,155,817000,815000,819000,HEU,6.395959,,0,,0
216,156,1225000,1223000,1227000,HEU,5.905719,,0,,0
217,156,1707000,1705000,1709000,Co-57,9.288471,,0,,0
218,157,979000,977000,981000,HEU,5.821475,,0,,0
219,158,983000,981000,985000,Tc-99m,6.180054,,0,,0
220,158,1873000,1871000,1875000,Tl-201,6.463581,,0,,0
221,159,761000,759000,763000,FGPu,6.936148,,0,,0
222,160,2595000,2593000,2597000,FGPu,9.419673,,0,,0
223,160,2747000,2745000,2749000,FGPu,10.052193,,0,,0
224,163,625000,623000,627000,Tc-99m,5.988121,,0,,0
225,164,3277000,3275000,3279000,HEU,6.050752,,0,,0
226,164,3403000,3401000,3405000,Am-241,5.865800,,0,,0
227,166,2175000,2173000,2177000,WGPu,6.037918,,0,,0
228,166,2275000,2273000,2277000,FGPu,7.625119,,0,,0
229,167,1713000,1711000,1715000,Tl-201,6.043679,,0,,0
230,167,1849000,1847000,1851000,Tl-201,7.065906,,0,,0
231,168,2403000,2401000,2405000,HEU,6.070749,,0,,0
232,169,1603000,1601000,1605000,Tl-201,6.143123,,0,,0
233,170,469000,467000,471000,HEU,6.475511,,0,,0
234,170,679000,677000,681000,Tl-201,6.377560,,0,,0
235,171,1371000,1369000,1373000,FGPu,11.286255,,0,,0
236,171,1525000,1523000,1527000,HEU,7.602987,,0,,0
237,172,2349000,2347000,2351000,Co-57,6.060236,,0,,0
238,174,2333000,2331000,2335000,FGPu,5.791516,,0,,0
239,176,625000,623000,627000,FGPu,12.226307,,0,,0
240,177,421000,419000,423000,FGPu,6.310587,,0,,0
241,177,2051000,2049000,2053000,HEU,7.327615,,0,,0
242,179,2739000,2737000,2741000,Tl-201,11.490598,,0,,0
243,181,1837000,1835000,1839000,FGPu,9.183023,,0,,0
244,181,2759000,2757000,2761000,HEU,5.839937,,0,,0
245,182,2585000,2583000,2587000,HEU,6.394619,,0,,0
246,183,3299000,3297000,3301000,Xe-133,5.958095,,0,,0
247,184,759000,757000,761000,Am-241,6.726792,,0,,0
248,185,2201000,2199000,2203000,FGPu,6.622291,,0,,0
249,187,693000,691000,695000,Tl-201,6.231202,,0,,0
250,187,2167000,2165000,2169000,HEU,6.114440,,0,,0
251,187,2939000,2937000,2941000,WGPu,6.086786,,0,,0
252,188,3013000,3011000,3015000,FGPu,5.874713,,0,,0
253,189,2327000,2325000,2329000,FGPu,6.749485,,0,,0
254,189,2465000,2463000,2467000,HEU,6.525810,,0,,0
255,190,521000,519000,523000,FGPu,9.004238,,0,,0
256,190,3025000,3023000,3027000,FGPu,9.756680,,0,,0
257,191,2199000,2197000,2201000,FGPu,8.144241,,0,,0
258,192,293000,291000,295000,Co-57,6.105450,,0,,0
259,192,1597000,1595000,1599000,HEU,6.033350,,0,,0
260,193,2059000,2057000,2061000,Co-57,8.551199,,0,,0
261,193,2299000,2297000,2301000,FGPu,9.589991,,0,,0
262,194,1071000,1069000,1073000,HEU,6.044317,,0,,0
263,194,2939000,2937000,2941000,Xe-133,5.889950,,0,,0
264,195,1623000,1621000,1625000,Co-57,6.265833,,0,,0
265,196,1701000,1699000,1703000,HEU,5.759854,,0,,0
266,196,2585000,2583000,2587000,FGPu,6.395751,,0,,0
267,196,2661000,2659000,2663000,HEU,6.200333,,0,,0
268,196,2741000,2739000,2743000,WGPu,7.733019,,0,,0
269,196,3513000,3511000,3515000,Am-241,6.410060,,0,,0
270,197,51000,49000,53000,HEU,10.954605,,0,,0
271,197,761000,759000,763000,Co-57,7.275071,,0,,0
272,197,1961000,1959000,1963000,Am-241,5.831183,,0,,0
273,197,3211000,3209000,3213000,FGPu,6.763666,,0,,0
274,197,3591000,3589000,3593000,FGPu,6.206573,,0,,0
275,198,3295000,3293000,3297000,FGPu,8.082818,,0,,0
276,200,937000,935000,939000,Xe-133,10.538313,,0,,0
277,201,1173000,1171000,1175000,FGPu,7.072587,,0,,0
278,201,2363000,2361000,2365000,Co-57,9.219623,,0,,0
279,201,3037000,3035000,3039000,HEU,5.978135,,0,,0
280,202,635000,633000,637000,FGPu,9.874168,,0,,0
281,203,2091000,2089000,2093000,Tc-99m,6.210817,,0,,0
282,205,1145000,1143000,1147000,Xe-133,6.236591,,0,,0
283,205,2825000,2823000,2827000,Co-57,14.516984,,0,,0
284,205,2995000,2993000,2997000,Tc-99m,7.012336,,0,,0
285,206,1137000,1135000,1139000,Co-57,6.193696,,0,,0
286,206,2543000,2541000,2545000,HEU,5.978108,,0,,0
287,206,2609000,2607000,2611000,HEU,5.811568,,0,,0
288,208,611000,609000,613000,Co-57,6.040668,,0,,0
289,209,2657000,2655000,2659000,HEU,9.364821,,0,,0
290,210,205000,203000,207000,FGPu,5.817029,,0,,0
291,210,1223000,1221000,1225000,HEU,6.082524,,0,,0
292,212,1839000,1837000,1841000,FGPu,10.061987,,0,,0
293,215,2209000,2207000,2211000,Am-241,8.290905,,0,,0
294,215,3173000,3171000,3175000,FGPu,7.502370,,0,,0
295,216,331000,329000,333000,FGPu,7.273108,,0,,0
296,216,851000,849000,853000,Tl-201,5.847698,,0,,0
297,216,3553000,3551000,3555000,WGPu,6.122939,,0,,0
298,217,117000,115000,119000,FGPu,6.061859,,0,,0
299,217,3421000,3419000,3423000,FGPu,9.865732,,0,,0
300,220,1847000,1845000,1849000,Co-57,5.919947,,0,,0
301,222,1123000,1121000,1125000,Xe-133,5.750879,,0,,0
302,223,33000,31000,35000,HEU,5.875173,,0,,0
303,225,901000,899000,903000,HEU,6.263660,,0,,0
304,225,2249000,2247000,2251000,HEU,5.851625,,0,,0
305,226,1427000,1425000,1429000,FGPu,5.837292,,0,,0
306,226,3121000,3119000,3123000,HEU,6.888691,,0,,0
307,227,1321000,1319000,1323000,Xe-133,7.148500,,0,,0
308,227,2061000,2059000,2063000,FGPu,6.130503,,0,,0
309,228,2583000,2581000,2585000,Co-57,5.808368,,0,,0
310,228,3447000,3445000,3449000,Tl-201,6.230784,,0,,0
311,228,3607000,3605000,3609000,HEU,6.046088,,0,,0
312,229,2049000,2047000,2051000,HEU,7.077901,,0,,0
313,229,2143000,2141000,2145000,Tc-99m,7.261706,,0,,0
314,230,977000,975000,979000,FGPu,7.158145,,0,,0
315,231,939000,937000,941000,Am-241,7.660837,,0,,0
316,231,1935000,1933000,1937000,FGPu,7.207964,,0,,0
317,232,1145000,1143000,1147000,Am-241,10.403326,,0,,0
318,232,1561000,1559000,1563000,WGPu,8.376896,,0,,0
319,232,1973000,1971000,1975000,FGPu,9.188803,,0,,0
320,232,2275000,2273000,2277000,FGPu,8.910534,,0,,0
321,234,205000,203000,207000,WGPu,7.103532,,0,,0
322,234,969000,967000,971000,HEU,7.180199,,0,,0
323,235,887000,885000,889000,Am-241,6.093004,,0,,0
324,235,3487000,3485000,3489000,Xe-133,6.584091,,0,,0
325,236,1049000,1047000,1051000,WGPu,5.982483,,0,,0
326,237,329000,327000,331000,Co-57,7.324528,,0,,0
327,237,1069000,1067000,1071000,FGPu,6.421225,,0,,0
328,238,2217000,2215000,2219000,Co-57,13.156795,,0,,0
329,239,1079000,1077000,1081000,Xe-133,7.186505,,0,,0
330,239,2193000,2191000,2195000,Xe-133,5.986671,,0,,0
331,240,1373000,1371000,1375000,Xe-133,6.471640,,0,,0
332,240,1953000,1951000,1955000,HEU,5.898379,,0,,0
333,240,2705000,2703000,2707000,HEU,6.397768,,0,,0
334,242,1295000,1293000,1297000,Xe-133,7.076648,,0,,0
335,245,569000,567000,571000,Am-241,7.023456,,0,,0
336,246,1103000,1101000,1105000,HEU,6.944347,,0,,0
337,246,2861000,2859000,2863000,Co-57,6.365246,,0,,0
338,247,565000,563000,567000,HEU,5.961605,,0,,0
339,248,2707000,2705000,2709000,Co-57,5.803523,,0,,0
340,251,309000,307000,311000,HEU,6.210742,,0,,0
341,251,1305000,1303000,1307000,Am-241,9.213968,,0,,0
342,251,2337000,2335000,2339000,Co-57,6.035333,,0,,0
343,252,2987000,2985000,2989000,HEU,8.639395,,0,,0
344,252,3363000,3361000,3365000,Tl-201,5.942495,,0,,0
345,252,3485000,3483000,3487000,Tl-201,6.075246,,0,,0
346,253,695000,693000,697000,Xe-133,6.562659,,0,,0
347,253,1403000,1401000,1405000,Am-241,6.726266,,0,,0
348,254,335000,333000,337000,Am-241,7.030989,,0,,0
349,255,1045000,1043000,1047000,FGPu,7.310446,,0,,0
350,255,1583000,1581000,1585000,FGPu,5.909617,,0,,0
351,256,3071000,3069000,3073000,FGPu,7.516542,,0,,0
352,259,209000,207000,211000,HEU,7.381392,,0,,0
353,259,1571000,1569000,1573000,Tl-201,6.059116,,0,,0
354,259,2387000,2385000,2389000,Tl-201,5.886183,,0,,0
355,261,747000,745000,749000,HEU,7.086747,,0,,0
356,262,685000,683000,687000,Tl-201,6.377569,,0,,0
357,262,2261000,2259000,2263000,Am-241,10.116330,,0,,0
358,264,1307000,1305000,1309000,WGPu,6.153486,,0,,0
359,264,2537000,2535000,2539000,HEU,7.873988,,0,,0
360,266,1503000,1501000,1505000,FGPu,10.642339,,0,,0
361,266,3269000,3267000,3271000,HEU,6.437135,,0,,0
362,266,3339000,3337000,3341000,Tl-201,6.069499,,0,,0
363,267,715000,713000,717000,WGPu,6.757894,,0,,0
364,267,807000,805000,809000,HEU,6.020181,,0,,0
365,267,879000,877000,881000,HEU,6.281892,,0,,0
366,269,311000,309000,313000,HEU,5.989236,,0,,0
367,269,3533000,3531000,3535000,HEU,7.171991,,0,,0
368,270,3477000,3475000,3479000,FGPu,5.940188,,0,,0
369,271,771000,769000,773000,HEU,6.258532,,0,,0
370,271,839000,837000,841000,HEU,6.378702,,0,,0
371,271,999000,997000,1001000,Xe-133,5.988336,,0,,0
372,271,1205000,1203000,1207000,Xe-133,7.030457,,0,,0
373,271,2583000,2581000,2585000,HEU,7.415548,,0,,0
374,272,1519000,1517000,1521000,FGPu,11.671371,,0,,0
375,275,329000,327000,331000,FGPu,13.285789,,0,,0
376,276,1231000,1229000,1233000,WGPu,5.975725,,0,,0
377,276,1509000,1507000,1511000,Co-57,13.141850,,0,,0
378,277,881000,879000,883000,FGPu,5.812785,,0,,0
379,278,1275000,1273000,1277000,HEU,6.661770,,0,,0
380,278,2081000,2079000,2083000,FGPu,5.990173,,0,,0
381,278,2255000,2253000,2257000,WGPu,5.971425,,0,,0
382,278,2397000,2395000,2399000,Tl-201,5.891410,,0,,0
383,280,1557000,1555000,1559000,Tl-201,5.775692,,0,,0
384,283,445000,443000,447000,HEU,5.785740,,0,,0
385,283,1629000,1627000,1631000,Co-57,6.449987,,0,,0
386,284,1717000,1715000,1719000,FGPu,7.987647,,0,,0
387,284,3379000,3377000,3381000,Co-57,11.088248,,0,,0
388,285,3249000,3247000,3251000,Tl-201,6.194582,,0,,0
389,286,465000,463000,467000,FGPu,7.117986,,0,,0
390,286,1703000,1701000,1705000,HEU,8.850539,,0,,0
391,286,3477000,3475000,3479000,HEU,6.591746,,0,,0
392,287,3133000,3131000,3135000,Xe-133,6.167168,,0,,0
393,287,3573000,3571000,3575000,FGPu,7.077656,,0,,0
394,288,2649000,2647000,2651000,HEU,6.549724,,0,,0
395,289,1109000,1107000,1111000,Xe-133,5.841131,,0,,0
396,290,1223000,1221000,1225000,HEU,6.476081,,0,,0
397,291,1573000,1571000,1575000,Tl-201,5.811401,,0,,0
398,292,2909000,2907000,2911000,FGPu,7.187765,,0,,0
399,293,2231000,2229000,2233000,FGPu,9.202351,,0,,0
400,293,3341000,3339000,3343000,FGPu,5.855270,,0,,0
401,294,1535000,1533000,1537000,FGPu,6.533886,,0,,0
402,294,3483000,3481000,3485000,FGPu,6.485400,,0,,0
403,295,813000,811000,815000,HEU,6.266176,,0,,0
404,295,981000,979000,983000,HEU,5.958649,,0,,0
405,295,3571000,3569000,3573000,Tl-201,5.916012,,0,,0
406,296,2711000,2709000,2713000,HEU,6.758208,,0,,0
407,296,3467000,3465000,3469000,Xe-133,10.089785,,0,,0
408,297,883000,881000,885000,Tl-201,6.153398,,0,,0
409,297,3327000,3325000,3329000,FGPu,8.094283,,0,,0
410,298,2109000,2107000,2111000,Am-241,6.525309,,0,,0
411,298,2533000,2531000,2535000,HEU,7.026985,,0,,0
412,299,239000,237000,241000,FGPu,7.511625,,0,,0
413,299,1093000,1091000,1095000,Xe-133,5.916829,,0,,0
